0         ,  0.01068  ,  2.914    
5e-05     ,  1.97     ,  1.464    
0.0001    ,  2.014    , -1.8      
0.00015   ,  1.97     , -2.661    
0.0002    ,  1.97     ,  0.05856  
0.00025   ,  2.014    ,  2.778    
0.0003    ,  2.014    ,  1.826    
0.00035   ,  2.014    , -1.437    
0.0004    ,  1.97     , -2.752    
0.00045   ,  1.97     , -0.3494   
0.0005    ,  1.97     ,  2.597    
0.00055   ,  0.01068  ,  2.144    
0.0006    ,  0.01068  , -1.075    
0.00065   ,  0.01068  , -2.842    
0.0007    ,  0.01068  , -0.7574   
0.00075   ,  0.01068  ,  2.37     
0.0008    ,  0.01068  ,  2.461    
0.00085   ,  0.01068  , -0.712    
0.0009    ,  0.01068  , -2.797    
0.00095   ,  0.01068  , -1.211    
0.001     ,  0.01068  ,  2.053    
0.00105   ,  1.97     ,  2.642    
0.0011    ,  1.97     , -0.2587   
0.00115   ,  1.97     , -2.752    
0.0012    ,  1.97     , -1.528    
0.00125   ,  1.97     ,  1.736    
0.0013    ,  1.97     ,  2.824    
0.00135   ,  2.014    ,  0.1946   
0.0014    ,  1.97     , -2.616    
0.00145   ,  2.014    , -1.891    
0.0015    ,  2.014    ,  1.373    
0.00155   ,  0.01068  ,  2.914    
0.0016    ,  0.01068  ,  0.6478   
0.00165   ,  0.01068  , -2.389    
0.0017    ,  0.01068  , -2.163    
0.00175   ,  0.01068  ,  0.9651   
0.0018    ,  0.01068  ,  2.96     
0.00185   ,  0.01068  ,  1.01     
0.0019    ,  0.01068  , -2.163    
0.00195   ,  0.01068  , -2.435    
0.002     ,  0.01068  ,  0.5572   
0.00205   ,  1.97     ,  2.914    
0.0021    ,  1.97     ,  1.464    
0.00215   ,  1.97     , -1.845    
0.0022    ,  2.014    , -2.661    
0.00225   ,  1.97     ,  0.1039   
0.0023    ,  1.97     ,  2.778    
0.00235   ,  1.97     ,  1.826    
0.0024    ,  1.97     , -1.528    
0.00245   ,  1.97     , -2.752    
0.0025    ,  1.97     , -0.3041   
0.00255   ,  0.01068  ,  2.642    
0.0026    ,  0.01068  ,  2.098    
0.00265   ,  0.01068  , -1.12     
0.0027    ,  0.01068  , -2.797    
0.00275   ,  0.01068  , -0.712    
0.0028    ,  0.01068  ,  2.416    
0.00285   ,  0.01068  ,  2.416    
0.0029    ,  0.01068  , -0.712    
0.00295   ,  0.01068  , -2.842    
0.003     ,  0.01068  , -1.165    
0.00305   ,  1.97     ,  2.098    
0.0031    ,  1.97     ,  2.642    
0.00315   ,  1.97     , -0.2587   
0.0032    ,  1.97     , -2.752    
0.00325   ,  1.97     , -1.528    
0.0033    ,  2.014    ,  1.781    
0.00335   ,  1.97     ,  2.824    
0.0034    ,  1.97     ,  0.1492   
0.00345   ,  1.97     , -2.661    
0.0035    ,  1.97     , -1.845    
0.00355   ,  0.01068  ,  1.418    
0.0036    ,  0.01068  ,  2.914    
0.00365   ,  0.01068  ,  0.5572   
0.0037    ,  0.01068  , -2.435    
0.00375   ,  0.01068  , -2.163    
0.0038    ,  0.01068  ,  1.01     
0.00385   ,  0.01068  ,  2.96     
0.0039    ,  0.01068  ,  1.01     
0.00395   ,  0.01068  , -2.163    
0.004     ,  0.01068  , -2.435    
0.00405   ,  2.014    ,  0.6025   
0.0041    ,  1.97     ,  2.914    
0.00415   ,  1.97     ,  1.373    
0.0042    ,  2.014    , -1.891    
0.00425   ,  2.014    , -2.616    
0.0043    ,  1.97     ,  0.1946   
0.00435   ,  1.97     ,  2.778    
0.0044    ,  1.97     ,  1.736    
0.00445   ,  1.97     , -1.528    
0.0045    ,  1.97     , -2.752    
0.00455   ,  0.01068  , -0.2587   
0.0046    ,  0.01068  ,  2.642    
0.00465   ,  0.01068  ,  2.053    
0.0047    ,  0.01068  , -1.165    
0.00475   ,  0.01068  , -2.842    
0.0048    ,  0.01068  , -0.6667   
0.00485   ,  0.01068  ,  2.416    
0.0049    ,  0.01068  ,  2.37     
0.00495   ,  0.01068  , -0.8027   
0.005     ,  0.01068  , -2.842    
0.00505   ,  1.97     , -1.075    
0.0051    ,  2.014    ,  2.144    
0.00515   ,  2.014    ,  2.597    
0.0052    ,  1.97     , -0.3494   
0.00525   ,  1.97     , -2.752    
0.0053    ,  1.97     , -1.437    
0.00535   ,  1.97     ,  1.826    
0.0054    ,  2.014    ,  2.778    
0.00545   ,  2.014    ,  0.05856  
0.0055    ,  1.97     , -2.706    
0.00555   ,  0.01068  , -1.8      
0.0056    ,  0.01068  ,  1.464    
0.00565   ,  0.01068  ,  2.914    
0.0057    ,  0.01068  ,  0.5119   
0.00575   ,  0.01068  , -2.435    
0.0058    ,  0.01068  , -2.117    
0.00585   ,  0.01068  ,  1.056    
0.0059    ,  0.01068  ,  2.96     
0.00595   ,  0.01068  ,  0.9198   
0.006     ,  0.01068  , -2.253    
0.00605   ,  2.014    , -2.344    
0.0061    ,  2.014    ,  0.6478   
0.00615   ,  1.97     ,  2.914    
0.0062    ,  1.97     ,  1.328    
0.00625   ,  1.97     , -1.936    
0.0063    ,  1.97     , -2.571    
0.00635   ,  2.014    ,  0.1946   
0.0064    ,  1.97     ,  2.824    
0.00645   ,  1.97     ,  1.736    
0.0065    ,  1.97     , -1.573    
0.00655   ,  0.01068  , -2.752    
0.0066    ,  0.01068  , -0.1681   
0.00665   ,  0.01068  ,  2.688    
0.0067    ,  0.01068  ,  2.053    
0.00675   ,  0.01068  , -1.256    
0.0068    , -0.03384  , -2.842    
0.00685   ,  0.01068  , -0.6214   
0.0069    ,  0.01068  ,  2.461    
0.00695   ,  0.01068  ,  2.325    
0.007     ,  0.01068  , -0.8027   
0.00705   ,  1.97     , -2.888    
0.0071    ,  1.97     , -1.075    
0.00715   ,  1.97     ,  2.189    
0.0072    ,  1.97     ,  2.552    
0.00725   ,  1.97     , -0.3947   
0.0073    ,  1.97     , -2.797    
0.00735   ,  2.014    , -1.437    
0.0074    ,  2.014    ,  1.826    
0.00745   ,  2.014    ,  2.733    
0.0075    ,  2.014    ,  0.01324  
0.00755   ,  0.01068  , -2.661    
0.0076    ,  0.01068  , -1.8      
0.00765   ,  0.01068  ,  1.509    
0.0077    ,  0.01068  ,  2.914    
0.00775   ,  0.01068  ,  0.4665   
0.0078    ,  0.01068  , -2.525    
0.00785   ,  0.01068  , -2.072    
0.0079    ,  0.01068  ,  1.101    
0.00795   ,  0.01068  ,  2.96     
0.008     ,  0.01068  ,  0.8745   
0.00805   ,  1.97     , -2.253    
0.0081    ,  1.97     , -2.344    
0.00815   ,  1.97     ,  0.6932   
0.0082    ,  1.97     ,  2.914    
0.00825   ,  1.97     ,  1.328    
0.0083    ,  1.97     , -1.981    
0.00835   ,  2.014    , -2.571    
0.0084    ,  1.97     ,  0.2852   
0.00845   ,  1.97     ,  2.824    
0.0085    ,  2.014    ,  1.645    
0.00855   , -0.03384  , -1.619    
0.0086    ,  0.01068  , -2.706    
0.00865   ,  0.01068  , -0.1681   
0.0087    ,  0.01068  ,  2.688    
0.00875   ,  0.01068  ,  2.008    
0.0088    ,  0.01068  , -1.301    
0.00885   ,  0.01068  , -2.797    
0.0089    ,  0.01068  , -0.576    
0.00895   ,  0.01068  ,  2.461    
0.009     ,  0.01068  ,  2.28     
0.00905   ,  1.97     , -0.8933   
0.0091    ,  2.014    , -2.842    
0.00915   ,  2.014    , -0.984    
0.0092    ,  1.97     ,  2.189    
0.00925   ,  1.97     ,  2.552    
0.0093    ,  1.97     , -0.4401   
0.00935   ,  1.97     , -2.797    
0.0094    ,  1.97     , -1.392    
0.00945   ,  1.97     ,  1.917    
0.0095    ,  1.97     ,  2.733    
0.00955   , -0.03384  , -0.03209  
0.0096    ,  0.01068  , -2.706    
0.00965   , -0.03384  , -1.709    
0.0097    ,  0.01068  ,  1.554    
0.00975   ,  0.01068  ,  2.869    
0.0098    ,  0.01068  ,  0.3759   
0.00985   ,  0.01068  , -2.525    
0.0099    ,  0.01068  , -2.027    
0.00995   ,  0.01068  ,  1.192    
0.01      ,  0.01068  ,  2.914    
0.01005   ,  1.97     ,  0.8292   
0.0101    ,  1.97     , -2.299    
0.01015   ,  1.97     , -2.344    
0.0102    ,  1.97     ,  0.7385   
0.01025   ,  1.97     ,  2.914    
0.0103    ,  1.97     ,  1.237    
0.01035   ,  1.97     , -2.027    
0.0104    ,  1.97     , -2.525    
0.01045   ,  1.97     ,  0.3305   
0.0105    ,  1.97     ,  2.869    
0.01055   ,  0.01068  ,  1.6      
0.0106    ,  0.01068  , -1.709    
0.01065   ,  0.01068  , -2.706    
0.0107    ,  0.01068  , -0.07742  
0.01075   ,  0.01068  ,  2.733    
0.0108    ,  0.01068  ,  1.962    
0.01085   ,  0.01068  , -1.347    
0.0109    ,  0.01068  , -2.797    
0.01095   ,  0.01068  , -0.4854   
0.011     , -0.03384  ,  2.552    
0.01105   ,  1.97     ,  2.234    
0.0111    ,  1.97     , -0.9387   
0.01115   ,  1.97     , -2.888    
0.0112    ,  2.014    , -0.9387   
0.01125   ,  2.014    ,  2.234    
0.0113    ,  1.97     ,  2.552    
0.01135   ,  1.97     , -0.5307   
0.0114    ,  2.014    , -2.797    
0.01145   ,  1.97     , -1.347    
0.0115    ,  2.014    ,  1.962    
0.01155   ,  0.01068  ,  2.733    
0.0116    , -0.03384  , -0.07742  
0.01165   ,  0.01068  , -2.706    
0.0117    ,  0.01068  , -1.664    
0.01175   ,  0.01068  ,  1.6      
0.0118    ,  0.01068  ,  2.869    
0.01185   ,  0.01068  ,  0.3759   
0.0119    ,  0.01068  , -2.525    
0.01195   ,  0.01068  , -1.981    
0.012     ,  0.01068  ,  1.237    
0.01205   ,  1.97     ,  2.914    
0.0121    ,  2.014    ,  0.7385   
0.01215   ,  2.014    , -2.344    
0.0122    ,  1.97     , -2.299    
0.01225   ,  1.97     ,  0.8292   
0.0123    ,  1.97     ,  2.914    
0.01235   ,  1.97     ,  1.192    
0.0124    ,  1.97     , -2.027    
0.01245   ,  2.014    , -2.525    
0.0125    ,  1.97     ,  0.3759   
0.01255   ,  0.01068  ,  2.869    
0.0126    ,  0.01068  ,  1.554    
0.01265   ,  0.01068  , -1.755    
0.0127    ,  0.01068  , -2.706    
0.01275   ,  0.01068  , -0.03209  
0.0128    ,  0.01068  ,  2.778    
0.01285   ,  0.01068  ,  1.917    
0.0129    ,  0.01068  , -1.437    
0.01295   ,  0.01068  , -2.797    
0.013     ,  0.01068  , -0.4401   
0.01305   ,  2.014    ,  2.552    
0.0131    ,  2.014    ,  2.234    
0.01315   ,  2.014    , -0.984    
0.0132    ,  1.97     , -2.888    
0.01325   ,  1.97     , -0.848    
0.0133    ,  1.97     ,  2.28     
0.01335   ,  1.97     ,  2.461    
0.0134    ,  1.97     , -0.576    
0.01345   ,  1.97     , -2.797    
0.0135    ,  1.97     , -1.256    
0.01355   ,  0.01068  ,  2.008    
0.0136    ,  0.01068  ,  2.688    
0.01365   ,  0.01068  , -0.1681   
0.0137    ,  0.01068  , -2.706    
0.01375   ,  0.01068  , -1.619    
0.0138    ,  0.01068  ,  1.69     
0.01385   ,  0.01068  ,  2.869    
0.0139    ,  0.01068  ,  0.2852   
0.01395   ,  0.01068  , -2.525    
0.014     ,  0.01068  , -1.936    
0.01405   ,  1.97     ,  1.282    
0.0141    ,  1.97     ,  2.914    
0.01415   ,  2.014    ,  0.7385   
0.0142    ,  1.97     , -2.344    
0.01425   ,  1.97     , -2.253    
0.0143    ,  1.97     ,  0.8745   
0.01435   ,  1.97     ,  2.914    
0.0144    ,  1.97     ,  1.146    
0.01445   ,  1.97     , -2.072    
0.0145    ,  1.97     , -2.48     
0.01455   ,  0.05521  ,  0.4665   
0.0146    ,  0.01068  ,  2.869    
0.01465   ,  0.01068  ,  1.509    
0.0147    ,  0.01068  , -1.8      
0.01475   ,  0.01068  , -2.661    
0.0148    ,  0.01068  ,  0.01324  
0.01485   ,  0.01068  ,  2.778    
0.0149    ,  0.01068  ,  1.872    
0.01495   , -0.03384  , -1.437    
0.015     ,  0.01068  , -2.797    
0.01505   ,  1.97     , -0.3947   
0.0151    ,  2.014    ,  2.552    
0.01515   ,  1.97     ,  2.189    
0.0152    ,  1.97     , -1.075    
0.01525   ,  1.97     , -2.842    
0.0153    ,  2.014    , -0.848    
0.01535   ,  1.97     ,  2.325    
0.0154    ,  1.97     ,  2.461    
0.01545   ,  1.97     , -0.6214   
0.0155    ,  1.97     , -2.797    
0.01555   ,  0.01068  , -1.256    
0.0156    ,  0.01068  ,  2.008    
0.01565   ,  0.01068  ,  2.688    
0.0157    ,  0.01068  , -0.1681   
0.01575   ,  0.01068  , -2.706    
0.0158    ,  0.01068  , -1.619    
0.01585   ,  0.01068  ,  1.69     
0.0159    ,  0.01068  ,  2.824    
0.01595   ,  0.01068  ,  0.2399   
0.016     ,  0.01068  , -2.616    
0.01605   ,  1.97     , -1.936    
0.0161    ,  2.014    ,  1.328    
0.01615   ,  1.97     ,  2.914    
0.0162    ,  1.97     ,  0.6932   
0.01625   ,  1.97     , -2.389    
0.0163    ,  1.97     , -2.208    
0.01635   ,  2.014    ,  0.9198   
0.0164    ,  1.97     ,  2.96     
0.01645   ,  1.97     ,  1.101    
0.0165    ,  1.97     , -2.117    
0.01655   ,  0.01068  , -2.435    
0.0166    ,  0.01068  ,  0.5572   
0.01665   ,  0.01068  ,  2.914    
0.0167    ,  0.01068  ,  1.464    
0.01675   ,  0.01068  , -1.8      
0.0168    ,  0.01068  , -2.661    
0.01685   ,  0.01068  ,  0.05856  
0.0169    ,  0.01068  ,  2.778    
0.01695   ,  0.01068  ,  1.826    
0.017     ,  0.01068  , -1.437    
0.01705   ,  1.97     , -2.797    
0.0171    ,  1.97     , -0.3494   
0.01715   ,  1.97     ,  2.597    
0.0172    ,  1.97     ,  2.098    
0.01725   ,  1.97     , -1.075    
0.0173    ,  2.014    , -2.842    
0.01735   ,  1.97     , -0.7574   
0.0174    ,  1.97     ,  2.37     
0.01745   ,  1.97     ,  2.416    
0.0175    ,  1.97     , -0.712    
0.01755   ,  0.01068  , -2.842    
0.0176    ,  0.01068  , -1.165    
0.01765   ,  0.01068  ,  2.053    
0.0177    ,  0.01068  ,  2.642    
0.01775   ,  0.01068  , -0.2587   
0.0178    ,  0.01068  , -2.752    
0.01785   ,  0.01068  , -1.573    
0.0179    ,  0.01068  ,  1.736    
0.01795   ,  0.01068  ,  2.824    
0.018     ,  0.01068  ,  0.1946   
0.01805   ,  1.97     , -2.616    
0.0181    ,  1.97     , -1.891    
0.01815   ,  2.014    ,  1.373    
0.0182    ,  1.97     ,  2.914    
0.01825   ,  1.97     ,  0.6025   
0.0183    ,  1.97     , -2.389    
0.01835   ,  1.97     , -2.163    
0.0184    ,  1.97     ,  0.9651   
0.01845   ,  1.97     ,  2.96     
0.0185    ,  2.014    ,  1.01     
0.01855   ,  0.01068  , -2.163    
0.0186    ,  0.01068  , -2.435    
0.01865   ,  0.01068  ,  0.5572   
0.0187    ,  0.01068  ,  2.914    
0.01875   ,  0.01068  ,  1.418    
0.0188    ,  0.01068  , -1.845    
0.01885   ,  0.01068  , -2.616    
0.0189    ,  0.01068  ,  0.1492   
0.01895   ,  0.01068  ,  2.778    
0.019     ,  0.01068  ,  1.826    
0.01905   ,  1.97     , -1.528    
0.0191    ,  1.97     , -2.752    
0.01915   ,  1.97     , -0.3041   
0.0192    ,  1.97     ,  2.597    
0.01925   ,  1.97     ,  2.098    
0.0193    ,  1.97     , -1.165    
0.01935   ,  1.97     , -2.842    
0.0194    ,  2.014    , -0.712    
0.01945   ,  1.97     ,  2.37     
0.0195    ,  1.97     ,  2.416    
0.01955   ,  0.01068  , -0.712    
0.0196    ,  0.01068  , -2.842    
0.01965   ,  0.01068  , -1.12     
0.0197    ,  0.01068  ,  2.098    
0.01975   ,  0.01068  ,  2.642    
0.0198    ,  0.01068  , -0.3041   
0.01985   ,  0.01068  , -2.752    
0.0199    ,  0.01068  , -1.483    
0.01995   ,  0.01068  ,  1.781    
0.02      ,  0.01068  ,  2.824    
0.02005   ,  1.97     ,  0.1039   
0.0201    ,  2.014    , -2.616    
0.02015   ,  2.014    , -1.8      
0.0202    ,  1.97     ,  1.418    
0.02025   ,  1.97     ,  2.914    
0.0203    ,  1.97     ,  0.5572   
0.02035   ,  2.014    , -2.435    
0.0204    ,  2.014    , -2.163    
0.02045   ,  1.97     ,  1.01     
0.0205    ,  1.97     ,  2.96     
0.02055   ,  0.01068  ,  0.9651   
0.0206    ,  0.01068  , -2.163    
0.02065   ,  0.01068  , -2.389    
0.0207    ,  0.01068  ,  0.6025   
0.02075   ,  0.01068  ,  2.914    
0.0208    ,  0.01068  ,  1.373    
0.02085   ,  0.01068  , -1.891    
0.0209    ,  0.01068  , -2.616    
0.02095   ,  0.01068  ,  0.1946   
0.021     ,  0.01068  ,  2.824    
0.02105   ,  2.014    ,  1.736    
0.0211    ,  1.97     , -1.573    
0.02115   ,  1.97     , -2.752    
0.0212    ,  1.97     , -0.2587   
0.02125   ,  1.97     ,  2.642    
0.0213    ,  2.014    ,  2.053    
0.02135   ,  1.97     , -1.211    
0.0214    ,  1.97     , -2.842    
0.02145   ,  1.97     , -0.6667   
0.0215    ,  1.97     ,  2.416    
0.02155   , -0.03384  ,  2.37     
0.0216    ,  0.01068  , -0.7574   
0.02165   ,  0.01068  , -2.842    
0.0217    ,  0.01068  , -1.075    
0.02175   ,  0.01068  ,  2.144    
0.0218    ,  0.01068  ,  2.597    
0.02185   ,  0.01068  , -0.3494   
0.0219    ,  0.01068  , -2.752    
0.02195   ,  0.01068  , -1.437    
0.022     ,  0.01068  ,  1.826    
0.02205   ,  1.97     ,  2.778    
0.0221    ,  2.014    ,  0.05856  
0.02215   ,  1.97     , -2.661    
0.0222    ,  1.97     , -1.8      
0.02225   ,  2.014    ,  1.464    
0.0223    ,  2.014    ,  2.914    
0.02235   ,  1.97     ,  0.5119   
0.0224    ,  1.97     , -2.435    
0.02245   ,  1.97     , -2.117    
0.0225    ,  2.014    ,  1.101    
0.02255   ,  0.01068  ,  2.96     
0.0226    ,  0.01068  ,  0.9198   
0.02265   ,  0.01068  , -2.253    
0.0227    , -0.03384  , -2.344    
0.02275   ,  0.01068  ,  0.6932   
0.0228    ,  0.01068  ,  2.914    
0.02285   ,  0.01068  ,  1.328    
0.0229    ,  0.01068  , -1.936    
0.02295   , -0.03384  , -2.571    
0.023     ,  0.01068  ,  0.2399   
0.02305   ,  2.014    ,  2.824    
0.0231    ,  2.014    ,  1.69     
0.02315   ,  2.014    , -1.573    
0.0232    ,  1.97     , -2.706    
0.02325   ,  2.014    , -0.2134   
0.0233    ,  1.97     ,  2.688    
0.02335   ,  1.97     ,  2.008    
0.0234    ,  1.97     , -1.256    
0.02345   ,  2.014    , -2.797    
0.0235    ,  1.97     , -0.576    
0.02355   ,  0.01068  ,  2.461    
0.0236    , -0.03384  ,  2.325    
0.02365   ,  0.01068  , -0.848    
0.0237    ,  0.01068  , -2.888    
0.02375   ,  0.01068  , -1.029    
0.0238    ,  0.01068  ,  2.189    
0.02385   ,  0.01068  ,  2.552    
0.0239    ,  0.01068  , -0.3947   
0.02395   ,  0.01068  , -2.797    
0.024     ,  0.01068  , -1.437    
0.02405   ,  1.97     ,  1.872    
0.0241    ,  2.014    ,  2.778    
0.02415   ,  1.97     ,  0.01324  
0.0242    ,  1.97     , -2.661    
0.02425   ,  1.97     , -1.755    
0.0243    ,  1.97     ,  1.509    
0.02435   ,  2.014    ,  2.914    
0.0244    ,  1.97     ,  0.4665   
0.02445   ,  1.97     , -2.525    
0.0245    ,  1.97     , -2.072    
0.02455   ,  0.01068  ,  1.146    
0.0246    ,  0.01068  ,  2.914    
0.02465   ,  0.01068  ,  0.8745   
0.0247    ,  0.01068  , -2.253    
0.02475   ,  0.01068  , -2.344    
0.0248    ,  0.01068  ,  0.6932   
0.02485   ,  0.01068  ,  2.914    
0.0249    ,  0.01068  ,  1.282    
0.02495   ,  0.01068  , -1.981    
0.025     ,  0.01068  , -2.571    
0.02505   ,  1.97     ,  0.2852   
0.0251    ,  1.97     ,  2.824    
0.02515   ,  1.97     ,  1.645    
0.0252    ,  1.97     , -1.619    
0.02525   ,  1.97     , -2.706    
0.0253    ,  2.014    , -0.1681   
0.02535   ,  1.97     ,  2.688    
0.0254    ,  2.014    ,  2.008    
0.02545   ,  1.97     , -1.301    
0.0255    ,  1.97     , -2.797    
0.02555   ,  0.01068  , -0.5307   
0.0256    ,  0.01068  ,  2.461    
0.02565   ,  0.01068  ,  2.28     
0.0257    ,  0.01068  , -0.8933   
0.02575   ,  0.01068  , -2.842    
0.0258    ,  0.01068  , -0.984    
0.02585   ,  0.01068  ,  2.189    
0.0259    ,  0.01068  ,  2.552    
0.02595   ,  0.01068  , -0.4854   
0.026     ,  0.01068  , -2.797    
0.02605   ,  1.97     , -1.392    
0.0261    ,  1.97     ,  1.917    
0.02615   ,  2.014    ,  2.733    
0.0262    ,  1.97     , -0.03209  
0.02625   ,  1.97     , -2.706    
0.0263    ,  1.97     , -1.709    
0.02635   ,  1.97     ,  1.554    
0.0264    ,  1.97     ,  2.869    
0.02645   ,  2.014    ,  0.3759   
0.0265    ,  2.014    , -2.525    
0.02655   ,  0.01068  , -2.027    
0.0266    ,  0.01068  ,  1.192    
0.02665   ,  0.01068  ,  2.914    
0.0267    ,  0.01068  ,  0.8292   
0.02675   , -0.03384  , -2.299    
0.0268    ,  0.01068  , -2.299    
0.02685   ,  0.01068  ,  0.7385   
0.0269    ,  0.01068  ,  2.914    
0.02695   ,  0.01068  ,  1.237    
0.027     ,  0.01068  , -2.027    
0.02705   ,  1.97     , -2.525    
0.0271    ,  1.97     ,  0.3759   
0.02715   ,  1.97     ,  2.869    
0.0272    ,  1.97     ,  1.6      
0.02725   ,  1.97     , -1.664    
0.0273    ,  2.014    , -2.706    
0.02735   ,  1.97     , -0.07742  
0.0274    ,  1.97     ,  2.733    
0.02745   ,  1.97     ,  1.917    
0.0275    ,  2.014    , -1.347    
0.02755   ,  0.01068  , -2.797    
0.0276    ,  0.01068  , -0.4854   
0.02765   ,  0.01068  ,  2.506    
0.0277    , -0.03384  ,  2.234    
0.02775   ,  0.01068  , -0.9387   
0.0278    , -0.03384  , -2.842    
0.02785   ,  0.01068  , -0.9387   
0.0279    ,  0.01068  ,  2.234    
0.02795   ,  0.01068  ,  2.506    
0.028     ,  0.05521  , -0.5307   
0.02805   ,  2.014    , -2.797    
0.0281    ,  2.014    , -1.347    
0.02815   ,  1.97     ,  1.962    
0.0282    ,  1.97     ,  2.733    
0.02825   ,  1.97     , -0.07742  
0.0283    ,  2.014    , -2.706    
0.02835   ,  1.97     , -1.664    
0.0284    ,  1.97     ,  1.6      
0.02845   ,  1.97     ,  2.824    
0.0285    ,  2.014    ,  0.3305   
0.02855   ,  0.01068  , -2.525    
0.0286    ,  0.01068  , -1.981    
0.02865   ,  0.01068  ,  1.237    
0.0287    ,  0.01068  ,  2.914    
0.02875   ,  0.01068  ,  0.7385   
0.0288    ,  0.01068  , -2.299    
0.02885   ,  0.01068  , -2.253    
0.0289    , -0.03384  ,  0.8292   
0.02895   ,  0.01068  ,  2.914    
0.029     ,  0.01068  ,  1.192    
0.02905   ,  1.97     , -2.072    
0.0291    ,  1.97     , -2.525    
0.02915   ,  1.97     ,  0.4212   
0.0292    ,  1.97     ,  2.869    
0.02925   ,  1.97     ,  1.554    
0.0293    ,  1.97     , -1.755    
0.02935   ,  1.97     , -2.661    
0.0294    ,  2.014    , -0.03209  
0.02945   ,  2.014    ,  2.733    
0.0295    ,  1.97     ,  1.917    
0.02955   ,  0.01068  , -1.392    
0.0296    ,  0.01068  , -2.797    
0.02965   ,  0.01068  , -0.4401   
0.0297    , -0.03384  ,  2.552    
0.02975   ,  0.01068  ,  2.234    
0.0298    ,  0.01068  , -0.984    
0.02985   ,  0.01068  , -2.888    
0.0299    ,  0.01068  , -0.8933   
0.02995   ,  0.01068  ,  2.28     
0.03      ,  0.01068  ,  2.461    
0.03005   ,  2.014    , -0.576    
0.0301    ,  1.97     , -2.797    
0.03015   ,  1.97     , -1.256    
0.0302    ,  1.97     ,  2.008    
0.03025   ,  2.014    ,  2.688    
0.0303    ,  1.97     , -0.1228   
0.03035   ,  2.014    , -2.752    
0.0304    ,  1.97     , -1.619    
0.03045   ,  1.97     ,  1.645    
0.0305    ,  2.014    ,  2.824    
0.03055   ,  0.01068  ,  0.2852   
0.0306    ,  0.01068  , -2.571    
0.03065   ,  0.01068  , -1.936    
0.0307    ,  0.01068  ,  1.282    
0.03075   ,  0.01068  ,  2.914    
0.0308    ,  0.01068  ,  0.6932   
0.03085   ,  0.01068  , -2.344    
0.0309    ,  0.01068  , -2.208    
0.03095   ,  0.01068  ,  0.8745   
0.031     , -0.03384  ,  2.914    
0.03105   ,  2.014    ,  1.101    
0.0311    ,  1.97     , -2.072    
0.03115   ,  1.97     , -2.48     
0.0312    ,  1.97     ,  0.4665   
0.03125   ,  1.97     ,  2.914    
0.0313    ,  2.014    ,  1.509    
0.03135   ,  2.014    , -1.8      
0.0314    ,  1.97     , -2.661    
0.03145   ,  1.97     ,  0.01324  
0.0315    ,  1.97     ,  2.733    
0.03155   ,  0.01068  ,  1.826    
0.0316    ,  0.01068  , -1.437    
0.03165   ,  0.01068  , -2.797    
0.0317    ,  0.01068  , -0.3494   
0.03175   ,  0.01068  ,  2.552    
0.0318    ,  0.01068  ,  2.189    
0.03185   ,  0.01068  , -1.075    
0.0319    ,  0.01068  , -2.842    
0.03195   ,  0.01068  , -0.8027   
0.032     ,  0.01068  ,  2.37     
0.03205   ,  1.97     ,  2.461    
0.0321    ,  1.97     , -0.6214   
0.03215   ,  1.97     , -2.797    
0.0322    ,  1.97     , -1.256    
0.03225   ,  2.014    ,  2.008    
0.0323    ,  1.97     ,  2.642    
0.03235   ,  1.97     , -0.2134   
0.0324    ,  1.97     , -2.752    
0.03245   ,  1.97     , -1.573    
0.0325    ,  2.014    ,  1.736    
0.03255   ,  0.01068  ,  2.824    
0.0326    ,  0.01068  ,  0.1946   
0.03265   ,  0.01068  , -2.616    
0.0327    ,  0.01068  , -1.936    
0.03275   ,  0.01068  ,  1.328    
0.0328    , -0.03384  ,  2.914    
0.03285   ,  0.01068  ,  0.6478   
0.0329    ,  0.01068  , -2.389    
0.03295   ,  0.01068  , -2.208    
0.033     ,  0.01068  ,  0.9198   
0.03305   ,  2.014    ,  2.96     
0.0331    ,  1.97     ,  1.056    
0.03315   ,  2.014    , -2.117    
0.0332    ,  1.97     , -2.435    
0.03325   ,  2.014    ,  0.5572   
0.0333    ,  2.014    ,  2.914    
0.03335   ,  1.97     ,  1.464    
0.0334    ,  1.97     , -1.8      
0.03345   ,  1.97     , -2.661    
0.0335    ,  1.97     ,  0.1039   
0.03355   ,  0.01068  ,  2.778    
0.0336    ,  0.01068  ,  1.826    
0.03365   ,  0.01068  , -1.483    
0.0337    ,  0.01068  , -2.752    
0.03375   , -0.03384  , -0.3494   
0.0338    ,  0.01068  ,  2.597    
0.03385   ,  0.01068  ,  2.144    
0.0339    ,  0.01068  , -1.075    
0.03395   ,  0.01068  , -2.842    
0.034     ,  0.01068  , -0.7574   
0.03405   ,  1.97     ,  2.37     
0.0341    ,  1.97     ,  2.416    
0.03415   ,  1.97     , -0.712    
0.0342    ,  2.014    , -2.842    
0.03425   ,  2.014    , -1.165    
0.0343    ,  1.97     ,  2.053    
0.03435   ,  1.97     ,  2.642    
0.0344    ,  1.97     , -0.2587   
0.03445   ,  1.97     , -2.752    
0.0345    ,  1.97     , -1.528    
0.03455   ,  0.01068  ,  1.736    
0.0346    ,  0.01068  ,  2.824    
0.03465   ,  0.01068  ,  0.1946   
0.0347    ,  0.01068  , -2.616    
0.03475   , -0.03384  , -1.891    
0.0348    ,  0.01068  ,  1.418    
0.03485   ,  0.01068  ,  2.914    
0.0349    ,  0.01068  ,  0.6025   
0.03495   ,  0.01068  , -2.389    
0.035     ,  0.01068  , -2.163    
0.03505   ,  1.97     ,  1.01     
0.0351    ,  1.97     ,  2.96     
0.03515   ,  1.97     ,  1.01     
0.0352    ,  1.97     , -2.163    
0.03525   ,  1.97     , -2.435    
0.0353    ,  1.97     ,  0.6025   
0.03535   ,  1.97     ,  2.914    
0.0354    ,  2.014    ,  1.418    
0.03545   ,  1.97     , -1.891    
0.0355    ,  1.97     , -2.616    
0.03555   ,  0.01068  ,  0.1492   
0.0356    ,  0.01068  ,  2.778    
0.03565   ,  0.01068  ,  1.781    
0.0357    ,  0.01068  , -1.528    
0.03575   ,  0.01068  , -2.797    
0.0358    ,  0.01068  , -0.3041   
0.03585   ,  0.01068  ,  2.642    
0.0359    ,  0.01068  ,  2.098    
0.03595   ,  0.01068  , -1.165    
0.036     ,  0.01068  , -2.842    
0.03605   ,  1.97     , -0.712    
0.0361    ,  1.97     ,  2.37     
0.03615   ,  1.97     ,  2.37     
0.0362    ,  2.014    , -0.7574   
0.03625   ,  1.97     , -2.842    
0.0363    ,  1.97     , -1.12     
0.03635   ,  1.97     ,  2.098    
0.0364    ,  1.97     ,  2.642    
0.03645   ,  1.97     , -0.3041   
0.0365    ,  1.97     , -2.797    
0.03655   ,  0.01068  , -1.483    
0.0366    ,  0.01068  ,  1.781    
0.03665   ,  0.01068  ,  2.778    
0.0367    ,  0.01068  ,  0.1039   
0.03675   ,  0.01068  , -2.661    
0.0368    ,  0.01068  , -1.8      
0.03685   ,  0.01068  ,  1.464    
0.0369    ,  0.01068  ,  2.914    
0.03695   ,  0.01068  ,  0.5572   
0.037     ,  0.01068  , -2.435    
0.03705   ,  1.97     , -2.163    
0.0371    ,  1.97     ,  1.01     
0.03715   ,  1.97     ,  2.96     
0.0372    ,  1.97     ,  0.9198   
0.03725   ,  1.97     , -2.208    
0.0373    ,  1.97     , -2.389    
0.03735   ,  1.97     ,  0.6478   
0.0374    ,  1.97     ,  2.914    
0.03745   ,  1.97     ,  1.373    
0.0375    ,  2.014    , -1.936    
0.03755   ,  0.01068  , -2.616    
0.0376    ,  0.01068  ,  0.1946   
0.03765   ,  0.01068  ,  2.824    
0.0377    ,  0.01068  ,  1.736    
0.03775   ,  0.01068  , -1.573    
0.0378    ,  0.01068  , -2.752    
0.03785   , -0.03384  , -0.2134   
0.0379    ,  0.01068  ,  2.642    
0.03795   ,  0.01068  ,  2.053    
0.038     ,  0.01068  , -1.211    
0.03805   ,  2.014    , -2.842    
0.0381    ,  2.014    , -0.6667   
0.03815   ,  1.97     ,  2.416    
0.0382    ,  2.014    ,  2.37     
0.03825   ,  1.97     , -0.8027   
0.0383    ,  1.97     , -2.842    
0.03835   ,  1.97     , -1.075    
0.0384    ,  1.97     ,  2.144    
0.03845   ,  2.014    ,  2.597    
0.0385    ,  2.014    , -0.3494   
0.03855   ,  0.01068  , -2.797    
0.0386    ,  0.01068  , -1.437    
0.03865   ,  0.01068  ,  1.826    
0.0387    , -0.03384  ,  2.778    
0.03875   ,  0.01068  ,  0.01324  
0.0388    ,  0.01068  , -2.661    
0.03885   ,  0.01068  , -1.8      
0.0389    ,  0.01068  ,  1.464    
0.03895   ,  0.01068  ,  2.914    
0.039     ,  0.01068  ,  0.4665   
0.03905   ,  1.97     , -2.48     
0.0391    ,  1.97     , -2.072    
0.03915   ,  2.014    ,  1.101    
0.0392    ,  1.97     ,  2.96     
0.03925   ,  1.97     ,  0.9198   
0.0393    ,  1.97     , -2.253    
0.03935   ,  1.97     , -2.344    
0.0394    ,  1.97     ,  0.6932   
0.03945   ,  1.97     ,  2.914    
0.0395    ,  1.97     ,  1.328    
0.03955   ,  0.01068  , -1.936    
0.0396    ,  0.01068  , -2.571    
0.03965   , -0.03384  ,  0.2399   
0.0397    ,  0.01068  ,  2.824    
0.03975   ,  0.01068  ,  1.69     
0.0398    ,  0.01068  , -1.619    
0.03985   ,  0.01068  , -2.706    
0.0399    ,  0.01068  , -0.1681   
0.03995   ,  0.01068  ,  2.688    
0.04      ,  0.01068  ,  2.008    
0.04005   ,  1.97     , -1.256    
0.0401    ,  1.97     , -2.797    
0.04015   ,  1.97     , -0.6214   
0.0402    ,  1.97     ,  2.461    
0.04025   ,  2.014    ,  2.325    
0.0403    ,  1.97     , -0.848    
0.04035   ,  1.97     , -2.842    
0.0404    ,  1.97     , -1.029    
0.04045   ,  2.014    ,  2.189    
0.0405    ,  2.014    ,  2.552    
0.04055   ,  0.01068  , -0.4401   
0.0406    ,  0.01068  , -2.797    
0.04065   ,  0.01068  , -1.437    
0.0407    ,  0.01068  ,  1.917    
0.04075   ,  0.01068  ,  2.778    
0.0408    ,  0.01068  ,  0.01324  
0.04085   ,  0.01068  , -2.661    
0.0409    ,  0.01068  , -1.755    
0.04095   ,  0.01068  ,  1.509    
0.041     ,  0.01068  ,  2.869    
0.04105   ,  1.97     ,  0.4212   
0.0411    ,  1.97     , -2.525    
0.04115   ,  1.97     , -2.072    
0.0412    ,  1.97     ,  1.146    
0.04125   ,  2.014    ,  2.914    
0.0413    ,  1.97     ,  0.8292   
0.04135   ,  1.97     , -2.253    
0.0414    ,  1.97     , -2.344    
0.04145   ,  1.97     ,  0.7385   
0.0415    ,  1.97     ,  2.914    
0.04155   ,  0.01068  ,  1.282    
0.0416    ,  0.01068  , -1.981    
0.04165   ,  0.01068  , -2.571    
0.0417    ,  0.01068  ,  0.2852   
0.04175   ,  0.01068  ,  2.824    
0.0418    ,  0.01068  ,  1.645    
0.04185   ,  0.01068  , -1.664    
0.0419    ,  0.01068  , -2.706    
0.04195   ,  0.01068  , -0.1228   
0.042     ,  0.01068  ,  2.733    
0.04205   ,  1.97     ,  2.008    
0.0421    ,  2.014    , -1.301    
0.04215   ,  1.97     , -2.797    
0.0422    ,  2.014    , -0.5307   
0.04225   ,  1.97     ,  2.461    
0.0423    ,  1.97     ,  2.28     
0.04235   ,  1.97     , -0.8933   
0.0424    ,  1.97     , -2.888    
0.04245   ,  1.97     , -0.984    
0.0425    ,  1.97     ,  2.189    
0.04255   ,  0.01068  ,  2.552    
0.0426    ,  0.01068  , -0.4854   
0.04265   ,  0.01068  , -2.797    
0.0427    ,  0.01068  , -1.347    
0.04275   ,  0.01068  ,  1.917    
0.0428    ,  0.01068  ,  2.733    
0.04285   ,  0.01068  , -0.03209  
0.0429    ,  0.01068  , -2.706    
0.04295   ,  0.01068  , -1.709    
0.043     ,  0.01068  ,  1.554    
0.04305   ,  1.97     ,  2.869    
0.0431    ,  1.97     ,  0.3759   
0.04315   ,  2.014    , -2.525    
0.0432    ,  1.97     , -2.027    
0.04325   ,  2.014    ,  1.192    
0.0433    ,  2.014    ,  2.914    
0.04335   ,  1.97     ,  0.7838   
0.0434    ,  1.97     , -2.299    
0.04345   ,  1.97     , -2.299    
0.0435    ,  2.014    ,  0.7385   
0.04355   ,  0.01068  ,  2.914    
0.0436    ,  0.01068  ,  1.192    
0.04365   ,  0.01068  , -2.027    
0.0437    ,  0.01068  , -2.525    
0.04375   ,  0.01068  ,  0.3759   
0.0438    ,  0.01068  ,  2.869    
0.04385   , -0.03384  ,  1.6      
0.0439    ,  0.01068  , -1.709    
0.04395   ,  0.01068  , -2.661    
0.044     ,  0.01068  , -0.07742  
0.04405   ,  1.97     ,  2.733    
0.0441    ,  1.97     ,  1.917    
0.04415   ,  1.97     , -1.347    
0.0442    ,  1.97     , -2.797    
0.04425   ,  1.97     , -0.4854   
0.0443    ,  1.97     ,  2.552    
0.04435   ,  1.97     ,  2.234    
0.0444    ,  1.97     , -0.984    
0.04445   ,  2.014    , -2.842    
0.0445    ,  2.014    , -0.8933   
0.04455   , -0.03384  ,  2.234    
0.0446    ,  0.01068  ,  2.552    
0.04465   ,  0.01068  , -0.5307   
0.0447    ,  0.01068  , -2.797    
0.04475   ,  0.01068  , -1.301    
0.0448    ,  0.01068  ,  1.962    
0.04485   ,  0.01068  ,  2.733    
0.0449    ,  0.01068  , -0.07742  
0.04495   ,  0.01068  , -2.706    
0.045     ,  0.05521  , -1.664    
0.04505   ,  1.97     ,  1.6      
0.0451    ,  2.014    ,  2.824    
0.04515   ,  1.97     ,  0.3305   
0.0452    ,  1.97     , -2.525    
0.04525   ,  1.97     , -1.981    
0.0453    ,  1.97     ,  1.282    
0.04535   ,  1.97     ,  2.914    
0.0454    ,  1.97     ,  0.7385   
0.04545   ,  1.97     , -2.299    
0.0455    ,  2.014    , -2.253    
0.04555   ,  0.01068  ,  0.8292   
0.0456    ,  0.01068  ,  2.914    
0.04565   ,  0.01068  ,  1.146    
0.0457    ,  0.01068  , -2.072    
0.04575   ,  0.01068  , -2.48     
0.0458    ,  0.01068  ,  0.4212   
0.04585   ,  0.01068  ,  2.914    
0.0459    ,  0.01068  ,  1.554    
0.04595   ,  0.01068  , -1.755    
0.046     ,  0.01068  , -2.661    
0.04605   ,  1.97     ,  0.01324  
0.0461    ,  1.97     ,  2.733    
0.04615   ,  1.97     ,  1.872    
0.0462    ,  1.97     , -1.392    
0.04625   ,  1.97     , -2.797    
0.0463    ,  1.97     , -0.4401   
0.04635   ,  1.97     ,  2.552    
0.0464    ,  1.97     ,  2.189    
0.04645   ,  1.97     , -1.029    
0.0465    ,  1.97     , -2.888    
0.04655   ,  0.01068  , -0.848    
0.0466    ,  0.01068  ,  2.325    
0.04665   ,  0.01068  ,  2.461    
0.0467    , -0.03384  , -0.576    
0.04675   ,  0.01068  , -2.797    
0.0468    ,  0.01068  , -1.256    
0.04685   ,  0.01068  ,  2.008    
0.0469    ,  0.01068  ,  2.688    
0.04695   ,  0.01068  , -0.1681   
0.047     ,  0.01068  , -2.706    
0.04705   ,  1.97     , -1.619    
0.0471    ,  1.97     ,  1.645    
0.04715   ,  1.97     ,  2.824    
0.0472    ,  1.97     ,  0.2399   
0.04725   ,  2.014    , -2.571    
0.0473    ,  1.97     , -1.981    
0.04735   ,  1.97     ,  1.328    
0.0474    ,  1.97     ,  2.914    
0.04745   ,  2.014    ,  0.6932   
0.0475    ,  2.014    , -2.344    
0.04755   ,  0.01068  , -2.253    
0.0476    ,  0.01068  ,  0.9198   
0.04765   ,  0.01068  ,  2.914    
0.0477    , -0.03384  ,  1.101    
0.04775   ,  0.01068  , -2.072    
0.0478    , -0.03384  , -2.48     
0.04785   , -0.03384  ,  0.4665   
0.0479    ,  0.01068  ,  2.914    
0.04795   ,  0.01068  ,  1.509    
0.048     ,  0.01068  , -1.8      
0.04805   ,  1.97     , -2.661    
0.0481    ,  2.014    ,  0.01324  
0.04815   ,  2.014    ,  2.733    
0.0482    ,  1.97     ,  1.826    
0.04825   ,  1.97     , -1.437    
0.0483    ,  1.97     , -2.797    
0.04835   ,  1.97     , -0.3494   
0.0484    ,  1.97     ,  2.597    
0.04845   ,  1.97     ,  2.189    
0.0485    ,  1.97     , -1.075    
0.04855   ,  0.01068  , -2.842    
0.0486    , -0.03384  , -0.8027   
0.04865   ,  0.01068  ,  2.37     
0.0487    ,  0.01068  ,  2.461    
0.04875   ,  0.01068  , -0.6214   
0.0488    ,  0.01068  , -2.797    
0.04885   ,  0.01068  , -1.256    
0.0489    ,  0.01068  ,  2.053    
0.04895   ,  0.01068  ,  2.688    
0.049     ,  0.01068  , -0.2134   
0.04905   ,  1.97     , -2.706    
0.0491    ,  1.97     , -1.573    
0.04915   ,  1.97     ,  1.69     
0.0492    ,  1.97     ,  2.824    
0.04925   ,  1.97     ,  0.2399   
0.0493    ,  1.97     , -2.616    
0.04935   ,  2.014    , -1.891    
0.0494    ,  1.97     ,  1.328    
0.04945   ,  1.97     ,  2.914    
0.0495    ,  1.97     ,  0.6478   
0.04955   ,  0.01068  , -2.389    
0.0496    ,  0.01068  , -2.208    
0.04965   ,  0.01068  ,  0.9198   
0.0497    , -0.03384  ,  2.96     
0.04975   ,  0.01068  ,  1.056    
0.0498    ,  0.01068  , -2.163    
0.04985   ,  0.01068  , -2.435    
0.0499    ,  0.01068  ,  0.5572   
0.04995   ,  0.01068  ,  2.914    
0.05      ,  0.01068  ,  1.464    
0.05005   ,  1.97     , -1.8      
0.0501    ,  1.97     , -2.616    
0.05015   ,  2.014    ,  0.1039   
0.0502    ,  1.97     ,  2.778    
0.05025   ,  1.97     ,  1.826    
0.0503    ,  1.97     , -1.483    
0.05035   ,  1.97     , -2.752    
0.0504    ,  1.97     , -0.3041   
0.05045   ,  1.97     ,  2.597    
0.0505    ,  1.97     ,  2.144    
0.05055   ,  0.01068  , -1.12     
0.0506    ,  0.01068  , -2.842    
0.05065   ,  0.01068  , -0.7574   
0.0507    ,  0.01068  ,  2.37     
0.05075   ,  0.01068  ,  2.416    
0.0508    ,  0.01068  , -0.712    
0.05085   ,  0.01068  , -2.842    
0.0509    ,  0.01068  , -1.165    
0.05095   ,  0.01068  ,  2.098    
0.051     , -0.03384  ,  2.642    
0.05105   ,  1.97     , -0.2587   
0.0511    ,  1.97     , -2.797    
0.05115   ,  1.97     , -1.528    
0.0512    ,  1.97     ,  1.781    
0.05125   ,  1.97     ,  2.778    
0.0513    ,  1.97     ,  0.1946   
0.05135   ,  1.97     , -2.616    
0.0514    ,  1.97     , -1.845    
0.05145   ,  1.97     ,  1.418    
0.0515    ,  1.97     ,  2.914    
0.05155   ,  0.01068  ,  0.6025   
0.0516    ,  0.01068  , -2.435    
0.05165   ,  0.01068  , -2.163    
0.0517    ,  0.01068  ,  1.01     
0.05175   ,  0.01068  ,  2.96     
0.0518    ,  0.01068  ,  0.9651   
0.05185   ,  0.01068  , -2.163    
0.0519    ,  0.01068  , -2.435    
0.05195   ,  0.01068  ,  0.5572   
0.052     ,  0.01068  ,  2.914    
0.05205   ,  1.97     ,  1.373    
0.0521    ,  1.97     , -1.891    
0.05215   ,  2.014    , -2.616    
0.0522    ,  1.97     ,  0.1492   
0.05225   ,  1.97     ,  2.824    
0.0523    ,  2.014    ,  1.736    
0.05235   ,  1.97     , -1.528    
0.0524    ,  1.97     , -2.752    
0.05245   ,  1.97     , -0.2587   
0.0525    ,  1.97     ,  2.642    
0.05255   ,  0.01068  ,  2.098    
0.0526    , -0.03384  , -1.165    
0.05265   ,  0.01068  , -2.842    
0.0527    ,  0.01068  , -0.712    
0.05275   ,  0.01068  ,  2.37     
0.0528    ,  0.01068  ,  2.416    
0.05285   ,  0.01068  , -0.7574   
0.0529    ,  0.01068  , -2.842    
0.05295   ,  0.01068  , -1.075    
0.053     , -0.03384  ,  2.144    
0.05305   ,  1.97     ,  2.597    
0.0531    ,  1.97     , -0.3494   
0.05315   ,  1.97     , -2.752    
0.0532    ,  1.97     , -1.483    
0.05325   ,  1.97     ,  1.826    
0.0533    ,  1.97     ,  2.778    
0.05335   ,  1.97     ,  0.1039   
0.0534    ,  2.014    , -2.661    
0.05345   ,  1.97     , -1.8      
0.0535    ,  1.97     ,  1.464    
0.05355   ,  0.01068  ,  2.914    
0.0536    ,  0.01068  ,  0.5119   
0.05365   ,  0.01068  , -2.435    
0.0537    ,  0.01068  , -2.117    
0.05375   ,  0.01068  ,  1.056    
0.0538    ,  0.01068  ,  2.96     
0.05385   ,  0.01068  ,  0.9198   
0.0539    ,  0.01068  , -2.208    
0.05395   ,  0.01068  , -2.344    
0.054     ,  0.01068  ,  0.6478   
0.05405   ,  2.014    ,  2.914    
0.0541    ,  1.97     ,  1.373    
0.05415   ,  1.97     , -1.891    
0.0542    ,  1.97     , -2.571    
0.05425   ,  1.97     ,  0.1946   
0.0543    ,  1.97     ,  2.824    
0.05435   ,  2.014    ,  1.736    
0.0544    ,  1.97     , -1.573    
0.05445   ,  1.97     , -2.706    
0.0545    ,  1.97     , -0.2134   
0.05455   ,  0.01068  ,  2.642    
0.0546    ,  0.01068  ,  2.008    
0.05465   ,  0.01068  , -1.256    
0.0547    ,  0.01068  , -2.842    
0.05475   , -0.03384  , -0.6214   
0.0548    ,  0.01068  ,  2.416    
0.05485   ,  0.01068  ,  2.37     
0.0549    ,  0.01068  , -0.8027   
0.05495   ,  0.01068  , -2.842    
0.055     ,  0.01068  , -1.075    
0.05505   ,  1.97     ,  2.189    
0.0551    ,  1.97     ,  2.552    
0.05515   ,  2.014    , -0.3494   
0.0552    ,  1.97     , -2.797    
0.05525   ,  2.014    , -1.437    
0.0553    ,  1.97     ,  1.826    
0.05535   ,  1.97     ,  2.778    
0.0554    ,  1.97     ,  0.05856  
0.05545   ,  1.97     , -2.661    
0.0555    ,  1.97     , -1.8      
0.05555   ,  0.01068  ,  1.509    
0.0556    ,  0.01068  ,  2.914    
0.05565   ,  0.01068  ,  0.4665   
0.0557    ,  0.01068  , -2.48     
0.05575   ,  0.01068  , -2.117    
0.0558    ,  0.01068  ,  1.101    
0.05585   ,  0.01068  ,  2.96     
0.0559    ,  0.01068  ,  0.9198   
0.05595   ,  0.01068  , -2.253    
0.056     ,  0.01068  , -2.344    
0.05605   ,  1.97     ,  0.7385   
0.0561    ,  1.97     ,  2.914    
0.05615   ,  1.97     ,  1.328    
0.0562    ,  1.97     , -1.981    
0.05625   ,  1.97     , -2.571    
0.0563    ,  1.97     ,  0.2399   
0.05635   ,  1.97     ,  2.824    
0.0564    ,  1.97     ,  1.645    
0.05645   ,  1.97     , -1.619    
0.0565    ,  1.97     , -2.706    
0.05655   ,  0.01068  , -0.1681   
0.0566    ,  0.01068  ,  2.688    
0.05665   ,  0.01068  ,  2.008    
0.0567    , -0.03384  , -1.256    
0.05675   ,  0.01068  , -2.797    
0.0568    ,  0.01068  , -0.576    
0.05685   ,  0.01068  ,  2.461    
0.0569    ,  0.01068  ,  2.28     
0.05695   ,  0.01068  , -0.8933   
0.057     ,  0.01068  , -2.842    
0.05705   ,  1.97     , -0.984    
0.0571    ,  1.97     ,  2.189    
0.05715   ,  1.97     ,  2.552    
0.0572    ,  1.97     , -0.4401   
0.05725   ,  1.97     , -2.797    
0.0573    ,  1.97     , -1.437    
0.05735   ,  1.97     ,  1.872    
0.0574    ,  1.97     ,  2.733    
0.05745   ,  1.97     ,  0.01324  
0.0575    ,  1.97     , -2.706    
0.05755   ,  0.01068  , -1.709    
0.0576    ,  0.01068  ,  1.554    
0.05765   ,  0.01068  ,  2.869    
0.0577    ,  0.01068  ,  0.4212   
0.05775   , -0.03384  , -2.525    
0.0578    ,  0.01068  , -2.072    
0.05785   ,  0.01068  ,  1.146    
0.0579    ,  0.01068  ,  2.914    
0.05795   ,  0.01068  ,  0.8292   
0.058     ,  0.01068  , -2.253    
0.05805   ,  1.97     , -2.344    
0.0581    ,  1.97     ,  0.7385   
0.05815   ,  1.97     ,  2.914    
0.0582    ,  1.97     ,  1.237    
0.05825   ,  1.97     , -1.981    
0.0583    ,  1.97     , -2.525    
0.05835   ,  1.97     ,  0.3305   
0.0584    ,  2.014    ,  2.824    
0.05845   ,  2.014    ,  1.645    
0.0585    ,  1.97     , -1.664    
0.05855   ,  0.01068  , -2.706    
0.0586    ,  0.01068  , -0.07742  
0.05865   ,  0.01068  ,  2.733    
0.0587    ,  0.01068  ,  2.008    
0.05875   ,  0.01068  , -1.301    
0.0588    ,  0.01068  , -2.797    
0.05885   ,  0.01068  , -0.5307   
0.0589    ,  0.01068  ,  2.461    
0.05895   , -0.03384  ,  2.28     
0.059     ,  0.01068  , -0.8933   
0.05905   ,  1.97     , -2.842    
0.0591    ,  2.014    , -0.9387   
0.05915   ,  1.97     ,  2.234    
0.0592    ,  1.97     ,  2.552    
0.05925   ,  1.97     , -0.4854   
0.0593    ,  1.97     , -2.797    
0.05935   ,  1.97     , -1.347    
0.0594    ,  2.014    ,  1.917    
0.05945   ,  1.97     ,  2.733    
0.0595    ,  2.014    , -0.07742  
0.05955   ,  0.01068  , -2.706    
0.0596    ,  0.01068  , -1.709    
0.05965   ,  0.01068  ,  1.6      
0.0597    ,  0.01068  ,  2.869    
0.05975   ,  0.01068  ,  0.3759   
0.0598    ,  0.01068  , -2.525    
0.05985   ,  0.01068  , -2.027    
0.0599    , -0.03384  ,  1.192    
0.05995   ,  0.01068  ,  2.914    
0.06      , -0.03384  ,  0.7838   
0.06005   ,  1.97     , -2.299    
0.0601    ,  1.97     , -2.299    
0.06015   ,  1.97     ,  0.7838   
0.0602    ,  1.97     ,  2.914    
0.06025   ,  2.014    ,  1.192    
0.0603    ,  2.014    , -2.027    
0.06035   ,  1.97     , -2.525    
0.0604    ,  1.97     ,  0.3759   
0.06045   ,  2.014    ,  2.869    
0.0605    ,  1.97     ,  1.6      
0.06055   ,  0.01068  , -1.709    
0.0606    ,  0.01068  , -2.706    
0.06065   ,  0.01068  , -0.07742  
0.0607    ,  0.01068  ,  2.733    
0.06075   ,  0.01068  ,  1.917    
0.0608    ,  0.01068  , -1.347    
0.06085   ,  0.01068  , -2.797    
0.0609    ,  0.01068  , -0.4854   
0.06095   , -0.03384  ,  2.552    
0.061     ,  0.01068  ,  2.234    
0.06105   ,  1.97     , -0.984    
0.0611    ,  1.925    , -2.842    
0.06115   ,  1.97     , -0.8933   
0.0612    ,  1.97     ,  2.28     
0.06125   ,  2.014    ,  2.506    
0.0613    ,  1.97     , -0.5307   
0.06135   ,  1.97     , -2.842    
0.0614    ,  1.97     , -1.301    
0.06145   ,  1.97     ,  2.008    
0.0615    ,  1.97     ,  2.733    
0.06155   ,  0.01068  , -0.1228   
0.0616    ,  0.01068  , -2.706    
0.06165   ,  0.01068  , -1.664    
0.0617    ,  0.01068  ,  1.645    
0.06175   ,  0.01068  ,  2.869    
0.0618    ,  0.01068  ,  0.3305   
0.06185   ,  0.01068  , -2.571    
0.0619    , -0.03384  , -1.981    
0.06195   , -0.03384  ,  1.282    
0.062     ,  0.01068  ,  2.914    
0.06205   ,  1.97     ,  0.7385   
0.0621    ,  2.014    , -2.344    
0.06215   ,  1.97     , -2.253    
0.0622    ,  1.97     ,  0.8292   
0.06225   ,  1.97     ,  2.914    
0.0623    ,  2.014    ,  1.146    
0.06235   ,  2.014    , -2.072    
0.0624    ,  1.97     , -2.48     
0.06245   ,  1.97     ,  0.4212   
0.0625    ,  1.97     ,  2.869    
0.06255   ,  0.01068  ,  1.554    
0.0626    ,  0.01068  , -1.755    
0.06265   ,  0.01068  , -2.661    
0.0627    ,  0.01068  ,  0.01324  
0.06275   ,  0.01068  ,  2.733    
0.0628    ,  0.01068  ,  1.872    
0.06285   ,  0.01068  , -1.437    
0.0629    ,  0.01068  , -2.797    
0.06295   ,  0.01068  , -0.4401   
0.063     ,  0.01068  ,  2.552    
0.06305   ,  2.014    ,  2.189    
0.0631    ,  1.97     , -0.984    
0.06315   ,  1.97     , -2.842    
0.0632    ,  1.97     , -0.848    
0.06325   ,  1.97     ,  2.28     
0.0633    ,  1.97     ,  2.461    
0.06335   ,  1.97     , -0.6214   
0.0634    ,  1.97     , -2.842    
0.06345   ,  1.97     , -1.256    
0.0635    ,  1.97     ,  2.008    
0.06355   ,  0.01068  ,  2.688    
0.0636    ,  0.01068  , -0.1681   
0.06365   ,  0.01068  , -2.706    
0.0637    ,  0.01068  , -1.619    
0.06375   ,  0.01068  ,  1.69     
0.0638    ,  0.01068  ,  2.824    
0.06385   ,  0.01068  ,  0.2399   
0.0639    ,  0.01068  , -2.571    
0.06395   ,  0.01068  , -1.936    
0.064     ,  0.01068  ,  1.328    
0.06405   ,  1.97     ,  2.914    
0.0641    ,  1.97     ,  0.6932   
0.06415   ,  2.014    , -2.344    
0.0642    ,  2.014    , -2.253    
0.06425   ,  1.97     ,  0.9198   
0.0643    ,  1.97     ,  2.96     
0.06435   ,  1.97     ,  1.101    
0.0644    ,  1.97     , -2.072    
0.06445   ,  1.97     , -2.48     
0.0645    ,  1.97     ,  0.4665   
0.06455   ,  0.01068  ,  2.914    
0.0646    ,  0.01068  ,  1.464    
0.06465   ,  0.01068  , -1.8      
0.0647    ,  0.01068  , -2.661    
0.06475   ,  0.01068  ,  0.01324  
0.0648    ,  0.01068  ,  2.733    
0.06485   ,  0.01068  ,  1.872    
0.0649    ,  0.01068  , -1.437    
0.06495   ,  0.01068  , -2.752    
0.065     ,  0.01068  , -0.3494   
0.06505   ,  1.97     ,  2.552    
0.0651    ,  2.014    ,  2.189    
0.06515   ,  2.014    , -1.075    
0.0652    ,  1.97     , -2.842    
0.06525   ,  1.97     , -0.8027   
0.0653    ,  1.97     ,  2.325    
0.06535   ,  1.97     ,  2.461    
0.0654    ,  1.97     , -0.6667   
0.06545   ,  2.014    , -2.797    
0.0655    ,  1.97     , -1.211    
0.06555   ,  0.01068  ,  2.008    
0.0656    ,  0.01068  ,  2.642    
0.06565   ,  0.01068  , -0.2134   
0.0657    ,  0.01068  , -2.706    
0.06575   ,  0.01068  , -1.573    
0.0658    ,  0.01068  ,  1.69     
0.06585   ,  0.01068  ,  2.824    
0.0659    ,  0.01068  ,  0.1946   
0.06595   ,  0.01068  , -2.616    
0.066     ,  0.01068  , -1.891    
0.06605   ,  1.97     ,  1.373    
0.0661    ,  1.97     ,  2.914    
0.06615   ,  1.97     ,  0.6478   
0.0662    ,  1.97     , -2.389    
0.06625   ,  1.97     , -2.163    
0.0663    ,  2.014    ,  0.9651   
0.06635   ,  1.97     ,  2.96     
0.0664    ,  1.97     ,  1.056    
0.06645   ,  2.014    , -2.163    
0.0665    ,  2.014    , -2.435    
0.06655   ,  0.01068  ,  0.5572   
0.0666    ,  0.01068  ,  2.914    
0.06665   ,  0.01068  ,  1.464    
0.0667    ,  0.01068  , -1.845    
0.06675   ,  0.01068  , -2.661    
0.0668    ,  0.01068  ,  0.1039   
0.06685   ,  0.01068  ,  2.778    
0.0669    ,  0.01068  ,  1.826    
0.06695   ,  0.01068  , -1.483    
0.067     ,  0.01068  , -2.752    
0.06705   ,  2.014    , -0.3041   
0.0671    ,  1.97     ,  2.642    
0.06715   ,  1.97     ,  2.144    
0.0672    ,  1.97     , -1.12     
0.06725   ,  2.014    , -2.842    
0.0673    ,  1.97     , -0.712    
0.06735   ,  1.97     ,  2.37     
0.0674    ,  1.97     ,  2.416    
0.06745   ,  1.97     , -0.712    
0.0675    ,  1.97     , -2.842    
0.06755   ,  0.01068  , -1.165    
0.0676    ,  0.01068  ,  2.098    
0.06765   , -0.03384  ,  2.642    
0.0677    ,  0.01068  , -0.2587   
0.06775   , -0.03384  , -2.752    
0.0678    ,  0.01068  , -1.528    
0.06785   ,  0.01068  ,  1.781    
0.0679    ,  0.01068  ,  2.824    
0.06795   ,  0.01068  ,  0.1492   
0.068     ,  0.01068  , -2.616    
0.06805   ,  1.97     , -1.891    
0.0681    ,  2.014    ,  1.418    
0.06815   ,  1.97     ,  2.914    
0.0682    ,  1.97     ,  0.5572   
0.06825   ,  1.97     , -2.435    
0.0683    ,  1.97     , -2.163    
0.06835   ,  2.014    ,  1.01     
0.0684    ,  1.97     ,  2.96     
0.06845   ,  2.014    ,  1.01     
0.0685    ,  1.97     , -2.163    
0.06855   ,  0.01068  , -2.435    
0.0686    ,  0.01068  ,  0.6025   
0.06865   ,  0.01068  ,  2.914    
0.0687    ,  0.01068  ,  1.418    
0.06875   ,  0.01068  , -1.891    
0.0688    ,  0.01068  , -2.616    
0.06885   , -0.03384  ,  0.1946   
0.0689    ,  0.01068  ,  2.778    
0.06895   ,  0.01068  ,  1.781    
0.069     ,  0.01068  , -1.528    
0.06905   ,  2.014    , -2.752    
0.0691    ,  1.97     , -0.2587   
0.06915   ,  1.97     ,  2.642    
0.0692    ,  1.97     ,  2.098    
0.06925   ,  1.97     , -1.165    
0.0693    ,  1.97     , -2.797    
0.06935   ,  2.014    , -0.712    
0.0694    ,  1.97     ,  2.416    
0.06945   ,  1.97     ,  2.37     
0.0695    ,  1.97     , -0.7574   
0.06955   ,  0.01068  , -2.842    
0.0696    ,  0.01068  , -1.075    
0.06965   ,  0.01068  ,  2.098    
0.0697    ,  0.01068  ,  2.597    
0.06975   ,  0.01068  , -0.3494   
0.0698    , -0.03384  , -2.752    
0.06985   ,  0.01068  , -1.483    
0.0699    ,  0.01068  ,  1.826    
0.06995   ,  0.01068  ,  2.778    
0.07      ,  0.01068  ,  0.1039   
0.07005   ,  1.97     , -2.661    
0.0701    ,  2.014    , -1.8      
0.07015   ,  1.97     ,  1.464    
0.0702    ,  1.97     ,  2.914    
0.07025   ,  1.97     ,  0.5572   
0.0703    ,  1.97     , -2.48     
0.07035   ,  1.97     , -2.117    
0.0704    ,  2.014    ,  1.056    
0.07045   ,  1.97     ,  2.96     
0.0705    ,  1.97     ,  0.9198   
0.07055   ,  0.01068  , -2.208    
0.0706    ,  0.01068  , -2.344    
0.07065   ,  0.01068  ,  0.6478   
0.0707    ,  0.01068  ,  2.914    
0.07075   ,  0.01068  ,  1.373    
0.0708    ,  0.01068  , -1.936    
0.07085   ,  0.01068  , -2.616    
0.0709    ,  0.01068  ,  0.1946   
0.07095   ,  0.01068  ,  2.824    
0.071     ,  0.01068  ,  1.736    
0.07105   ,  1.97     , -1.573    
0.0711    ,  1.97     , -2.706    
0.07115   ,  2.014    , -0.1681   
0.0712    ,  1.97     ,  2.688    
0.07125   ,  1.97     ,  2.053    
0.0713    ,  1.97     , -1.256    
0.07135   ,  2.014    , -2.797    
0.0714    ,  1.97     , -0.6214   
0.07145   ,  1.97     ,  2.461    
0.0715    ,  1.97     ,  2.37     
0.07155   ,  0.01068  , -0.848    
0.0716    ,  0.01068  , -2.888    
0.07165   ,  0.01068  , -1.075    
0.0717    ,  0.01068  ,  2.189    
0.07175   ,  0.01068  ,  2.552    
0.0718    ,  0.01068  , -0.3494   
0.07185   ,  0.01068  , -2.797    
0.0719    ,  0.01068  , -1.437    
0.07195   ,  0.01068  ,  1.872    
0.072     ,  0.01068  ,  2.733    
0.07205   ,  1.97     ,  0.01324  
0.0721    ,  1.97     , -2.661    
0.07215   ,  1.97     , -1.8      
0.0722    ,  1.97     ,  1.509    
0.07225   ,  1.97     ,  2.914    
0.0723    ,  1.97     ,  0.4665   
0.07235   ,  1.97     , -2.48     
0.0724    ,  1.97     , -2.072    
0.07245   ,  1.97     ,  1.101    
0.0725    ,  2.014    ,  2.96     
0.07255   ,  0.01068  ,  0.8745   
0.0726    ,  0.01068  , -2.253    
0.07265   ,  0.01068  , -2.344    
0.0727    ,  0.01068  ,  0.6932   
0.07275   ,  0.01068  ,  2.914    
0.0728    ,  0.01068  ,  1.328    
0.07285   ,  0.01068  , -1.981    
0.0729    , -0.03384  , -2.525    
0.07295   ,  0.01068  ,  0.2852   
0.073     ,  0.01068  ,  2.824    
0.07305   ,  2.014    ,  1.645    
0.0731    ,  1.97     , -1.619    
0.07315   ,  1.97     , -2.706    
0.0732    ,  1.97     , -0.1681   
0.07325   ,  1.97     ,  2.688    
0.0733    ,  1.97     ,  2.008    
0.07335   ,  1.97     , -1.256    
0.0734    ,  1.97     , -2.797    
0.07345   ,  1.97     , -0.5307   
0.0735    ,  2.014    ,  2.461    
0.07355   ,  0.01068  ,  2.28     
0.0736    ,  0.01068  , -0.8933   
0.07365   ,  0.01068  , -2.842    
0.0737    , -0.03384  , -0.984    
0.07375   ,  0.01068  ,  2.189    
0.0738    ,  0.01068  ,  2.552    
0.07385   ,  0.01068  , -0.4401   
0.0739    ,  0.01068  , -2.797    
0.07395   ,  0.01068  , -1.392    
0.074     ,  0.01068  ,  1.872    
0.07405   ,  1.97     ,  2.733    
0.0741    ,  2.014    ,  0.01324  
0.07415   ,  1.97     , -2.706    
0.0742    ,  2.014    , -1.709    
0.07425   ,  1.97     ,  1.554    
0.0743    ,  1.97     ,  2.869    
0.07435   ,  1.97     ,  0.4212   
0.0744    ,  1.97     , -2.525    
0.07445   ,  1.97     , -2.027    
0.0745    ,  1.97     ,  1.192    
0.07455   ,  0.01068  ,  2.914    
0.0746    ,  0.01068  ,  0.8292   
0.07465   ,  0.01068  , -2.299    
0.0747    ,  0.01068  , -2.344    
0.07475   ,  0.01068  ,  0.7385   
0.0748    ,  0.01068  ,  2.96     
0.07485   ,  0.01068  ,  1.282    
0.0749    , -0.03384  , -1.981    
0.07495   ,  0.01068  , -2.525    
0.075     ,  0.01068  ,  0.3305   
0.07505   ,  1.97     ,  2.824    
0.0751    ,  1.97     ,  1.645    
0.07515   ,  1.97     , -1.664    
0.0752    ,  1.97     , -2.706    
0.07525   ,  2.014    , -0.07742  
0.0753    ,  1.97     ,  2.733    
0.07535   ,  1.97     ,  1.962    
0.0754    ,  1.97     , -1.347    
0.07545   ,  1.925    , -2.797    
0.0755    ,  2.014    , -0.4854   
0.07555   ,  0.01068  ,  2.506    
0.0756    ,  0.01068  ,  2.28     
0.07565   ,  0.01068  , -0.8933   
0.0757    ,  0.01068  , -2.888    
0.07575   ,  0.01068  , -0.9387   
0.0758    ,  0.01068  ,  2.234    
0.07585   ,  0.01068  ,  2.552    
0.0759    ,  0.01068  , -0.4854   
0.07595   ,  0.01068  , -2.797    
0.076     ,  0.01068  , -1.347    
0.07605   ,  1.97     ,  1.917    
0.0761    ,  1.97     ,  2.733    
0.07615   ,  1.97     , -0.07742  
0.0762    ,  1.97     , -2.706    
0.07625   ,  1.97     , -1.709    
0.0763    ,  1.97     ,  1.6      
0.07635   ,  1.97     ,  2.869    
0.0764    ,  1.97     ,  0.3759   
0.07645   ,  2.014    , -2.525    
0.0765    ,  1.97     , -1.981    
0.07655   ,  0.01068  ,  1.237    
0.0766    ,  0.01068  ,  2.914    
0.07665   ,  0.01068  ,  0.7838   
0.0767    , -0.03384  , -2.344    
0.07675   ,  0.01068  , -2.299    
0.0768    ,  0.01068  ,  0.7838   
0.07685   ,  0.01068  ,  2.914    
0.0769    ,  0.01068  ,  1.192    
0.07695   ,  0.01068  , -2.027    
0.077     ,  0.01068  , -2.525    
0.07705   ,  2.014    ,  0.3759   
0.0771    ,  1.97     ,  2.869    
0.07715   ,  1.97     ,  1.6      
0.0772    ,  1.97     , -1.709    
0.07725   ,  2.014    , -2.706    
0.0773    ,  2.014    , -0.03209  
0.07735   ,  1.97     ,  2.733    
0.0774    ,  1.97     ,  1.917    
0.07745   ,  1.97     , -1.392    
0.0775    ,  2.014    , -2.797    
0.07755   ,  0.01068  , -0.4854   
0.0776    , -0.03384  ,  2.552    
0.07765   ,  0.01068  ,  2.234    
0.0777    ,  0.01068  , -0.984    
0.07775   ,  0.01068  , -2.842    
0.0778    ,  0.01068  , -0.8933   
0.07785   ,  0.01068  ,  2.28     
0.0779    ,  0.01068  ,  2.506    
0.07795   ,  0.01068  , -0.5307   
0.078     ,  0.01068  , -2.797    
0.07805   ,  1.97     , -1.301    
0.0781    ,  1.97     ,  2.008    
0.07815   ,  1.97     ,  2.688    
0.0782    ,  1.97     , -0.1228   
0.07825   ,  1.97     , -2.706    
0.0783    ,  1.97     , -1.619    
0.07835   ,  1.97     ,  1.645    
0.0784    ,  1.97     ,  2.824    
0.07845   ,  1.97     ,  0.2852   
0.0785    ,  1.97     , -2.571    
0.07855   ,  0.01068  , -1.981    
0.0786    ,  0.01068  ,  1.282    
0.07865   ,  0.01068  ,  2.914    
0.0787    ,  0.01068  ,  0.7385   
0.07875   ,  0.01068  , -2.344    
0.0788    ,  0.01068  , -2.253    
0.07885   ,  0.01068  ,  0.8745   
0.0789    ,  0.01068  ,  2.914    
0.07895   ,  0.01068  ,  1.146    
0.079     ,  0.01068  , -2.072    
0.07905   ,  1.97     , -2.48     
0.0791    ,  2.014    ,  0.4212   
0.07915   ,  1.97     ,  2.869    
0.0792    ,  1.97     ,  1.509    
0.07925   ,  1.97     , -1.755    
0.0793    ,  1.97     , -2.661    
0.07935   ,  1.97     ,  0.01324  
0.0794    ,  1.97     ,  2.733    
0.07945   ,  1.97     ,  1.872    
0.0795    ,  1.97     , -1.437    
0.07955   ,  0.01068  , -2.797    
0.0796    ,  0.01068  , -0.3947   
0.07965   ,  0.01068  ,  2.552    
0.0797    ,  0.01068  ,  2.189    
0.07975   ,  0.01068  , -1.029    
0.0798    ,  0.01068  , -2.842    
0.07985   ,  0.01068  , -0.848    
0.0799    ,  0.01068  ,  2.325    
0.07995   ,  0.01068  ,  2.461    
0.08      ,  0.01068  , -0.6214   
0.08005   ,  1.97     , -2.797    
0.0801    ,  1.97     , -1.256    
0.08015   ,  1.97     ,  2.053    
0.0802    ,  1.97     ,  2.688    
0.08025   ,  2.014    , -0.1681   
0.0803    ,  1.97     , -2.752    
0.08035   ,  1.97     , -1.619    
0.0804    ,  1.97     ,  1.645    
0.08045   ,  2.014    ,  2.824    
0.0805    ,  1.97     ,  0.2399   
0.08055   ,  0.01068  , -2.571    
0.0806    ,  0.01068  , -1.936    
0.08065   ,  0.01068  ,  1.328    
0.0807    ,  0.01068  ,  2.914    
0.08075   ,  0.01068  ,  0.6932   
0.0808    ,  0.01068  , -2.344    
0.08085   ,  0.01068  , -2.208    
0.0809    , -0.03384  ,  0.9198   
0.08095   ,  0.01068  ,  2.96     
0.081     , -0.03384  ,  1.101    
0.08105   ,  1.97     , -2.117    
0.0811    ,  1.97     , -2.48     
0.08115   ,  1.97     ,  0.5119   
0.0812    ,  1.97     ,  2.914    
0.08125   ,  1.97     ,  1.464    
0.0813    ,  1.97     , -1.8      
0.08135   ,  1.97     , -2.661    
0.0814    ,  1.97     ,  0.05856  
0.08145   ,  2.014    ,  2.778    
0.0815    ,  1.97     ,  1.826    
0.08155   ,  0.01068  , -1.437    
0.0816    ,  0.01068  , -2.797    
0.08165   ,  0.01068  , -0.3494   
0.0817    , -0.03384  ,  2.597    
0.08175   ,  0.01068  ,  2.189    
0.0818    ,  0.01068  , -1.075    
0.08185   ,  0.01068  , -2.842    
0.0819    ,  0.01068  , -0.8027   
0.08195   ,  0.01068  ,  2.37     
0.082     ,  0.01068  ,  2.461    
0.08205   ,  1.97     , -0.6667   
0.0821    ,  1.97     , -2.842    
0.08215   ,  1.97     , -1.211    
0.0822    ,  1.97     ,  2.053    
0.08225   ,  1.97     ,  2.642    
0.0823    ,  1.97     , -0.2134   
0.08235   ,  1.97     , -2.752    
0.0824    ,  2.014    , -1.573    
0.08245   ,  1.97     ,  1.736    
0.0825    ,  1.97     ,  2.824    
0.08255   ,  0.01068  ,  0.1946   
0.0826    ,  0.01068  , -2.616    
0.08265   ,  0.01068  , -1.891    
0.0827    ,  0.01068  ,  1.373    
0.08275   ,  0.01068  ,  2.914    
0.0828    , -0.03384  ,  0.6478   
0.08285   , -0.03384  , -2.389    
0.0829    ,  0.01068  , -2.163    
0.08295   ,  0.01068  ,  0.9651   
0.083     ,  0.01068  ,  2.914    
0.08305   ,  1.97     ,  1.01     
0.0831    ,  1.97     , -2.163    
0.08315   ,  2.014    , -2.435    
0.0832    ,  1.97     ,  0.5572   
0.08325   ,  1.97     ,  2.914    
0.0833    ,  2.014    ,  1.464    
0.08335   ,  1.97     , -1.845    
0.0834    ,  2.014    , -2.616    
0.08345   ,  2.014    ,  0.1039   
0.0835    ,  1.97     ,  2.778    
0.08355   ,  0.01068  ,  1.826    
0.0836    ,  0.01068  , -1.528    
0.08365   ,  0.01068  , -2.752    
0.0837    ,  0.01068  , -0.3041   
0.08375   ,  0.01068  ,  2.597    
0.0838    ,  0.01068  ,  2.144    
0.08385   ,  0.01068  , -1.12     
0.0839    ,  0.01068  , -2.842    
0.08395   ,  0.01068  , -0.712    
0.084     ,  0.01068  ,  2.416    
0.08405   ,  1.97     ,  2.416    
0.0841    ,  1.97     , -0.712    
0.08415   ,  1.97     , -2.842    
0.0842    ,  2.014    , -1.165    
0.08425   ,  1.97     ,  2.098    
0.0843    ,  1.97     ,  2.642    
0.08435   ,  1.97     , -0.3041   
0.0844    ,  2.014    , -2.752    
0.08445   ,  1.97     , -1.528    
0.0845    ,  1.97     ,  1.781    
0.08455   ,  0.01068  ,  2.778    
0.0846    ,  0.01068  ,  0.1492   
0.08465   ,  0.01068  , -2.616    
0.0847    ,  0.01068  , -1.845    
0.08475   ,  0.01068  ,  1.418    
0.0848    ,  0.01068  ,  2.914    
0.08485   ,  0.01068  ,  0.5572   
0.0849    ,  0.01068  , -2.435    
0.08495   , -0.03384  , -2.163    
0.085     ,  0.01068  ,  1.01     
0.08505   ,  1.97     ,  2.96     
0.0851    ,  1.97     ,  1.01     
0.08515   ,  2.014    , -2.163    
0.0852    ,  1.97     , -2.389    
0.08525   ,  1.97     ,  0.6025   
0.0853    ,  1.97     ,  2.914    
0.08535   ,  1.97     ,  1.373    
0.0854    ,  1.97     , -1.891    
0.08545   ,  1.97     , -2.616    
0.0855    ,  1.97     ,  0.1492   
0.08555   ,  0.01068  ,  2.824    
0.0856    ,  0.01068  ,  1.736    
0.08565   ,  0.01068  , -1.528    
0.0857    ,  0.01068  , -2.752    
0.08575   ,  0.01068  , -0.2587   
0.0858    ,  0.01068  ,  2.642    
0.08585   ,  0.01068  ,  2.098    
0.0859    ,  0.01068  , -1.211    
0.08595   ,  0.01068  , -2.842    
0.086     ,  0.01068  , -0.6667   
0.08605   ,  2.014    ,  2.416    
0.0861    ,  1.97     ,  2.416    
0.08615   ,  1.97     , -0.7574   
0.0862    ,  1.97     , -2.842    
0.08625   ,  1.97     , -1.12     
0.0863    ,  1.97     ,  2.144    
0.08635   ,  1.97     ,  2.597    
0.0864    ,  1.97     , -0.3494   
0.08645   ,  2.014    , -2.797    
0.0865    ,  1.97     , -1.483    
0.08655   ,  0.01068  ,  1.826    
0.0866    ,  0.01068  ,  2.778    
0.08665   ,  0.01068  ,  0.05856  
0.0867    ,  0.01068  , -2.661    
0.08675   , -0.03384  , -1.8      
0.0868    ,  0.01068  ,  1.464    
0.08685   ,  0.01068  ,  2.914    
0.0869    ,  0.01068  ,  0.5572   
0.08695   ,  0.01068  , -2.435    
0.087     , -0.03384  , -2.117    
0.08705   ,  1.97     ,  1.101    
0.0871    ,  1.97     ,  2.96     
0.08715   ,  1.97     ,  0.9198   
0.0872    ,  1.97     , -2.208    
0.08725   ,  1.97     , -2.344    
0.0873    ,  1.97     ,  0.6478   
0.08735   ,  2.014    ,  2.914    
0.0874    ,  1.97     ,  1.373    
0.08745   ,  1.97     , -1.936    
0.0875    ,  2.014    , -2.571    
0.08755   ,  0.01068  ,  0.2399   
0.0876    ,  0.01068  ,  2.824    
0.08765   ,  0.01068  ,  1.69     
0.0877    ,  0.01068  , -1.573    
0.08775   ,  0.01068  , -2.706    
0.0878    ,  0.01068  , -0.1681   
0.08785   ,  0.01068  ,  2.642    
0.0879    ,  0.01068  ,  2.008    
0.08795   ,  0.01068  , -1.256    
0.088     ,  0.01068  , -2.797    
0.08805   ,  2.014    , -0.6214   
0.0881    ,  2.014    ,  2.461    
0.08815   ,  1.97     ,  2.37     
0.0882    ,  1.97     , -0.8027   
0.08825   ,  1.97     , -2.842    
0.0883    ,  1.97     , -1.075    
0.08835   ,  1.97     ,  2.189    
0.0884    ,  1.97     ,  2.552    
0.08845   ,  1.97     , -0.3947   
0.0885    ,  2.014    , -2.797    
0.08855   ,  0.01068  , -1.437    
0.0886    ,  0.01068  ,  1.826    
0.08865   ,  0.01068  ,  2.778    
0.0887    , -0.03384  ,  0.01324  
0.08875   ,  0.01068  , -2.661    
0.0888    ,  0.01068  , -1.755    
0.08885   ,  0.01068  ,  1.509    
0.0889    ,  0.01068  ,  2.914    
0.08895   ,  0.01068  ,  0.4665   
0.089     ,  0.01068  , -2.48     
0.08905   ,  1.97     , -2.072    
0.0891    ,  1.97     ,  1.101    
0.08915   ,  1.97     ,  2.96     
0.0892    ,  2.014    ,  0.8745   
0.08925   ,  2.014    , -2.253    
0.0893    ,  1.97     , -2.344    
0.08935   ,  1.97     ,  0.6932   
0.0894    ,  1.97     ,  2.914    
0.08945   ,  1.97     ,  1.282    
0.0895    ,  1.97     , -1.981    
0.08955   ,  0.01068  , -2.571    
0.0896    , -0.03384  ,  0.2852   
0.08965   ,  0.01068  ,  2.824    
0.0897    ,  0.01068  ,  1.645    
0.08975   ,  0.01068  , -1.619    
0.0898    ,  0.01068  , -2.706    
0.08985   ,  0.01068  , -0.1681   
0.0899    ,  0.01068  ,  2.688    
0.08995   , -0.03384  ,  2.008    
0.09      ,  0.01068  , -1.256    
0.09005   ,  1.97     , -2.797    
0.0901    ,  1.97     , -0.5307   
0.09015   ,  1.97     ,  2.506    
0.0902    ,  1.97     ,  2.28     
0.09025   ,  1.97     , -0.848    
0.0903    ,  1.97     , -2.888    
0.09035   ,  2.014    , -0.984    
0.0904    ,  1.97     ,  2.189    
0.09045   ,  1.97     ,  2.552    
0.0905    ,  1.97     , -0.4401   
0.09055   ,  0.01068  , -2.797    
0.0906    ,  0.01068  , -1.392    
0.09065   ,  0.01068  ,  1.917    
0.0907    ,  0.01068  ,  2.778    
0.09075   , -0.03384  ,  0.01324  
0.0908    ,  0.01068  , -2.706    
0.09085   ,  0.01068  , -1.709    
0.0909    ,  0.01068  ,  1.554    
0.09095   ,  0.01068  ,  2.869    
0.091     ,  0.01068  ,  0.3759   
0.09105   ,  1.97     , -2.525    
0.0911    ,  1.97     , -2.027    
0.09115   ,  1.97     ,  1.192    
0.0912    ,  1.97     ,  2.96     
0.09125   ,  1.97     ,  0.7838   
0.0913    ,  1.97     , -2.299    
0.09135   ,  1.97     , -2.299    
0.0914    ,  1.97     ,  0.7385   
0.09145   ,  1.97     ,  2.914    
0.0915    ,  1.97     ,  1.237    
0.09155   , -0.03384  , -2.027    
0.0916    ,  0.01068  , -2.525    
0.09165   ,  0.01068  ,  0.3305   
0.0917    , -0.03384  ,  2.869    
0.09175   ,  0.01068  ,  1.6      
0.0918    ,  0.01068  , -1.709    
0.09185   ,  0.01068  , -2.706    
0.0919    ,  0.01068  , -0.07742  
0.09195   ,  0.01068  ,  2.733    
0.092     ,  0.01068  ,  1.962    
0.09205   ,  1.97     , -1.347    
0.0921    ,  1.97     , -2.797    
0.09215   ,  2.014    , -0.5307   
0.0922    ,  1.97     ,  2.552    
0.09225   ,  1.97     ,  2.28     
0.0923    ,  1.97     , -0.9387   
0.09235   ,  1.97     , -2.888    
0.0924    ,  1.97     , -0.9387   
0.09245   ,  1.97     ,  2.234    
0.0925    ,  1.97     ,  2.552    
0.09255   , -0.03384  , -0.5307   
0.0926    ,  0.01068  , -2.797    
0.09265   ,  0.01068  , -1.347    
0.0927    ,  0.01068  ,  1.962    
0.09275   ,  0.01068  ,  2.733    
0.0928    ,  0.01068  , -0.07742  
0.09285   ,  0.01068  , -2.706    
0.0929    ,  0.01068  , -1.664    
0.09295   , -0.03384  ,  1.6      
0.093     ,  0.05521  ,  2.869    
0.09305   ,  1.97     ,  0.3305   
0.0931    ,  1.97     , -2.525    
0.09315   ,  1.97     , -1.981    
0.0932    ,  1.97     ,  1.237    
0.09325   ,  1.97     ,  2.914    
0.0933    ,  1.97     ,  0.7385   
0.09335   ,  1.97     , -2.299    
0.0934    ,  2.014    , -2.299    
0.09345   ,  1.97     ,  0.7838   
0.0935    ,  2.014    ,  2.914    
0.09355   ,  0.01068  ,  1.192    
0.0936    ,  0.01068  , -2.027    
0.09365   ,  0.01068  , -2.525    
0.0937    , -0.03384  ,  0.3759   
0.09375   ,  0.01068  ,  2.869    
0.0938    ,  0.01068  ,  1.554    
0.09385   ,  0.01068  , -1.709    
0.0939    ,  0.01068  , -2.661    
0.09395   ,  0.01068  ,  0.01324  
0.094     ,  0.01068  ,  2.733    
0.09405   ,  1.97     ,  1.917    
0.0941    ,  1.97     , -1.392    
0.09415   ,  1.925    , -2.797    
0.0942    ,  1.97     , -0.4401   
0.09425   ,  1.97     ,  2.552    
0.0943    ,  1.97     ,  2.189    
0.09435   ,  2.014    , -0.984    
0.0944    ,  2.014    , -2.842    
0.09445   ,  1.97     , -0.8933   
0.0945    ,  1.97     ,  2.28     
0.09455   , -0.03384  ,  2.506    
0.0946    ,  0.01068  , -0.5307   
0.09465   ,  0.01068  , -2.797    
0.0947    ,  0.01068  , -1.256    
0.09475   , -0.03384  ,  2.008    
0.0948    ,  0.01068  ,  2.733    
0.09485   , -0.03384  , -0.1681   
0.0949    ,  0.01068  , -2.706    
0.09495   ,  0.01068  , -1.619    
0.095     ,  0.01068  ,  1.645    
0.09505   ,  1.97     ,  2.824    
0.0951    ,  2.014    ,  0.2852   
0.09515   ,  2.014    , -2.571    
0.0952    ,  1.97     , -1.981    
0.09525   ,  1.97     ,  1.282    
0.0953    ,  1.97     ,  2.914    
0.09535   ,  1.97     ,  0.7385   
0.0954    ,  1.97     , -2.344    
0.09545   ,  1.97     , -2.253    
0.0955    ,  1.97     ,  0.8745   
0.09555   ,  0.01068  ,  2.914    
0.0956    ,  0.01068  ,  1.101    
0.09565   ,  0.01068  , -2.072    
0.0957    ,  0.01068  , -2.525    
0.09575   ,  0.01068  ,  0.4665   
0.0958    ,  0.01068  ,  2.914    
0.09585   ,  0.01068  ,  1.509    
0.0959    ,  0.01068  , -1.8      
0.09595   ,  0.01068  , -2.661    
0.096     ,  0.01068  ,  0.01324  
0.09605   ,  1.97     ,  2.778    
0.0961    ,  2.014    ,  1.872    
0.09615   ,  2.014    , -1.437    
0.0962    ,  1.97     , -2.797    
0.09625   ,  1.97     , -0.3947   
0.0963    ,  1.97     ,  2.552    
0.09635   ,  2.014    ,  2.189    
0.0964    ,  1.97     , -1.075    
0.09645   ,  1.97     , -2.842    
0.0965    ,  1.97     , -0.8027   
0.09655   ,  0.01068  ,  2.37     
0.0966    ,  0.01068  ,  2.461    
0.09665   , -0.03384  , -0.6214   
0.0967    ,  0.01068  , -2.842    
0.09675   , -0.03384  , -1.256    
0.0968    ,  0.01068  ,  2.053    
0.09685   ,  0.01068  ,  2.688    
0.0969    ,  0.01068  , -0.1681   
0.09695   ,  0.01068  , -2.752    
0.097     ,  0.01068  , -1.619    
0.09705   ,  2.014    ,  1.69     
0.0971    ,  1.97     ,  2.824    
0.09715   ,  1.97     ,  0.2399   
0.0972    ,  1.97     , -2.616    
0.09725   ,  1.97     , -1.936    
0.0973    ,  1.97     ,  1.328    
0.09735   ,  1.97     ,  2.914    
0.0974    ,  2.014    ,  0.6478   
0.09745   ,  1.97     , -2.389    
0.0975    ,  1.97     , -2.208    
0.09755   ,  0.01068  ,  0.9198   
0.0976    ,  0.01068  ,  2.96     
0.09765   , -0.03384  ,  1.101    
0.0977    ,  0.01068  , -2.163    
0.09775   ,  0.01068  , -2.435    
0.0978    ,  0.01068  ,  0.5119   
0.09785   ,  0.01068  ,  2.914    
0.0979    ,  0.01068  ,  1.464    
0.09795   ,  0.01068  , -1.8      
0.098     ,  0.01068  , -2.661    
0.09805   ,  1.97     ,  0.1039   
0.0981    ,  1.97     ,  2.778    
0.09815   ,  2.014    ,  1.826    
0.0982    ,  2.014    , -1.483    
0.09825   ,  1.97     , -2.752    
0.0983    ,  1.97     , -0.3494   
0.09835   ,  1.97     ,  2.552    
0.0984    ,  1.97     ,  2.144    
0.09845   ,  1.97     , -1.075    
0.0985    ,  1.97     , -2.797    
0.09855   ,  0.01068  , -0.8027   
0.0986    ,  0.01068  ,  2.37     
0.09865   , -0.03384  ,  2.416    
0.0987    ,  0.01068  , -0.712    
0.09875   ,  0.01068  , -2.842    
0.0988    ,  0.01068  , -1.165    
0.09885   ,  0.01068  ,  2.053    
0.0989    , -0.03384  ,  2.642    
0.09895   ,  0.01068  , -0.2587   
0.099     ,  0.01068  , -2.752    
0.09905   ,  1.97     , -1.528    
0.0991    ,  1.97     ,  1.736    
0.09915   ,  1.97     ,  2.824    
0.0992    ,  1.97     ,  0.1946   
0.09925   ,  2.014    , -2.616    
0.0993    ,  1.97     , -1.891    
0.09935   ,  1.97     ,  1.373    
0.0994    ,  1.97     ,  2.914    
0.09945   ,  1.97     ,  0.6025   
0.0995    ,  1.97     , -2.389    
0.09955   ,  0.01068  , -2.163    
0.0996    ,  0.01068  ,  0.9651   
0.09965   ,  0.01068  ,  2.96     
0.0997    ,  0.01068  ,  1.01     
0.09975   ,  0.01068  , -2.163    
0.0998    ,  0.01068  , -2.435    
0.09985   ,  0.01068  ,  0.5572   
0.0999    ,  0.01068  ,  2.914    
0.09995   ,  0.01068  ,  1.418    
